<beans xmlns="http://www.springframework.org/schema/beans"
	xmlns:context="http://www.springframework.org/schema/context"
	xmlns:mvc="http://www.springframework.org/schema/mvc"
	xmlns:xsi="http://www.w3.org/2001/XMLSchema-instance"
	xsi:schemaLocation="
	http://www.springframework.org/schema/beans
	http://www.springframework.org/schema/beans/spring-beans-3.0.xsd
	http://www.springframework.org/schema/context
	http://www.springframework.org/schema/context/spring-context-3.0.xsd
	http://www.springframework.org/schema/mvc
	http://www.springframework.org/schema/mvc/spring-mvc-3.0.xsd">

	<context:component-scan base-package="ar.com.telecom.ice.controller" />

	<mvc:resources mapping="/controllers/**" location="/controllers/" />
	<mvc:resources mapping="/css/**" location="/css/" />
	<mvc:resources mapping="/img/**" location="/img/" />
	<mvc:resources mapping="/js/**" location="/js/" />
	<mvc:resources mapping="/plugins/**" location="/plugins/" />
	<mvc:resources mapping="/services/**" location="/services/" />
	<mvc:resources mapping="/directives/**" location="/directives/" />
	<mvc:resources mapping="/data-dummy/**" location="/data-dummy/" />

	<mvc:annotation-driven />

	<bean id="view-resolver" class="org.springframework.web.servlet.view.InternalResourceViewResolver">
		<property name="prefix">
			<value>/WEB-INF/views/</value>
		</property>
		<property name="suffix">
			<value>.jsp</value>
		</property>
	</bean>

</beans>
