[
  {
    "entidad":"06170-WONDERSOFT",
    "fechaProceso":"12/11/2015",
    "fechaICE":"12/11/2015",
    "archivo": "AS_COBUNIF10112015.txt",
    "empresa": "Telecom",
    "operacion": "Cobro",
    "sistema": "DEIMOS",
    "identificador": "21_WS_COBUNIF10112015.txt",
    "operacionesRecibidas": {
      "cantidad": 1,
      "importe": 34.00
    },
    "diferencia": 1
  },
  {
    "entidad":"06170-WONDERSOFT",
    "fechaProceso":"12/11/2015",
    "fechaICE":"12/11/2015",
    "archivo": "WS_COBUNIF10112015.txt",
    "empresa": "Telecom",
    "operacion": "Cobro",
    "sistema": "DUC",
    "identificador": "5316061794",
    "operacionesRecibidas": {
      "cantidad": 1,
      "importe": 31.20
    },
    "diferencia": 1
  },
  {
    "entidad":"06170-WONDERSOFT",
    "fechaProceso":"12/11/2015",
    "fechaICE":"12/11/2015",
    "archivo": "WS_COBUNIF10112015.txt",
    "empresa": "Telecom",
    "operacion": "Cobro",
    "sistema": "DUC",
    "identificador": "5316061793",
    "operacionesRecibidas": {
      "cantidad": 3,
      "importe": 96.60
    },
    "diferencia": 3
  },
  {
    "entidad":"06170-WONDERSOFT",
    "fechaProceso":"12/11/2015",
    "fechaICE":"12/11/2015",
    "archivo": "WS_COBUNIF10112015.txt",
    "empresa": "Telecom",
    "operacion": "Cobro",
    "sistema": "MIC",
    "identificador": "5316061792",
    "operacionesRecibidas": {
      "cantidad": 117,
      "importe": 63475.78
    },
    "diferencia": 117
  }
]
