{
  "resumen": [
    {
      "entidad": "06170-WONDERSOFT",
      "fechaProceso": "12/11/2015",
      "fechaICE": "12/11/2015",
      "archivo": "AS_COBUNIF10112015.txt",
      "idDetalle": 1
    }
  ],
  "detalle": [
    {
      "idDetalle": 1,
      "empresa": "Telecom",
      "operacion": "Cobro",
      "sistema": "DEIMOS",
      "identificador": "21_WS_COBUNIF10112015.txt",
      "oper-cantidad": 1,
      "oper-importe": 34.00,
      "diferencia": 1
    },
    {
      "idDetalle": 1,
      "empresa": "Telecom",
      "operacion": "Cobro",
      "sistema": "DUC",
      "identificador": "5316061794",
      "oper-cantidad": 1,
      "oper-importe": 31.20,
      "diferencia": 1
    },
    {
      "idDetalle": 1,
      "empresa": "Telecom",
      "operacion": "Cobro",
      "sistema": "DUC",
      "identificador": "5316061793",
      "oper-cantidad": 3,
      "oper-importe": 96.60,
      "diferencia": 3
    },
    {
      "idDetalle": 1,
      "empresa": "Telecom",
      "operacion": "Cobro",
      "sistema": "MIC",
      "identificador": "5316061792",
      "oper-cantidad": 117,
      "oper-importe": 63475.78,
      "diferencia": 117
    }
  ]
}
