<?xml version="1.0" encoding="UTF-8" standalone="yes"?>
<persistence xmlns="http://xmlns.jcp.org/xml/ns/persistence"
    xmlns:xsi="http://www.w3.org/2001/XMLSchema-instance" version="2.1"
    xsi:schemaLocation="http://xmlns.jcp.org/xml/ns/persistence http://xmlns.jcp.org/xml/ns/persistence/persistence_2_1.xsd">
    <persistence-unit name="my-persistence-unit">
        <description>Hibernate Tips</description>
        <provider>org.hibernate.jpa.HibernatePersistenceProvider</provider>
        <exclude-unlisted-classes>false</exclude-unlisted-classes>
 
        <properties>
            <property name="hibernate.dialect" value="org.hibernate.dialect.H2Dialect" />
            <property name="hibernate.jdbc.time_zone" value="UTC"/>
 
            <property name="javax.persistence.jdbc.driver" value="org.h2.Driver" />
            <property name="javax.persistence.jdbc.url" value="jdbc:h2:mem:testdb" />
            <property name="javax.persistence.jdbc.user" value="sa" />
            <property name="javax.persistence.jdbc.password" value="" />
            
            <property name="hbm2ddl.auto" value="create" />
            
        </properties>
    </persistence-unit>
</persistence>

